,Test_Mean,Test_StdDev,Train_Mean,Train_StdDev,Mean_Deltas,StdDev_Deltas
600,0.038310171774404204,0.01843571914349136,0.03800395852401076,0.0183051027969272,0.0003062132503934417,0.00013061634656415938
650,0.037758382305134244,0.018278781945747405,0.037449072434052745,0.01813436025815193,0.00030930987108149927,0.00014442168759547583
700,0.037026997787227935,0.01813713778748069,0.03671770359864846,0.017987943315060838,0.0003092941885794731,0.00014919447241985156
750,0.03656800816854229,0.017990765849817174,0.03624851344230895,0.01784103374854351,0.00031949472623334085,0.0001497321012736627
800,0.0359391208011463,0.017891220442283546,0.035611115518210376,0.017734471990248347,0.00032800528293592396,0.00015674845203519916
850,0.035598253359494264,0.017768336387940568,0.035264881242619596,0.017609142956292432,0.0003333721168746681,0.00015919343164813582
900,0.03507528524613008,0.017649637767617847,0.03473884874319386,0.017478869948891036,0.00033643650293621596,0.0001707678187268108
950,0.034773274503289334,0.017546659426185184,0.03443325748492498,0.017375526423892045,0.00034001701836435666,0.0001711330022931383
1000,0.034375642606561695,0.017433226514801316,0.03403628249919469,0.017261136569227876,0.000339360107367008,0.00017208994557343926
