,Test_Mean,Test_StdDev,Train_Mean,Train_StdDev,Mean_Deltas,StdDev_Deltas
600,0.029308382282918318,0.025105267374912716,0.029047376672236714,0.025175145029463192,0.00026100561068160416,6.987765455047576e-05
650,0.028962416024366392,0.02486477833992595,0.028698377508169507,0.024927898565416873,0.000264038516196885,6.312022549092439e-05
700,0.02862786320700543,0.024644249675748707,0.02836283933821833,0.02469422339685202,0.00026502386878710094,4.9973721103314245e-05
750,0.02835686961254105,0.02446172351780993,0.02809328318986809,0.024515915990671697,0.0002635864226729588,5.419247286176515e-05
800,0.02810168135231361,0.024293898369620724,0.027844646934908814,0.024354081483314985,0.0002570344174047945,6.0183113694260715e-05
850,0.027885138273658232,0.024143906061680848,0.02763004294052953,0.0242064015735661,0.00025509533312870203,6.249551188525215e-05
900,0.027710772744368298,0.024018654504692136,0.02745683671226725,0.024081094281680756,0.00025393603210104726,6.243977698862022e-05
950,0.0275346897663665,0.023894284183906107,0.027282658040942626,0.023972709374751777,0.00025203172542387353,7.842519084566915e-05
1000,0.02738175460806815,0.023798978926084086,0.027127892485901247,0.02387115505584598,0.0002538621221669021,7.217612976189239e-05
